Common Name,Botanical Name,Water,Humidity,Light,Night Temp,life span,max len,max diameter,toxicity to pets,Sandy,Clay,Silt,Peat,Chalk,Loam,Soil-less,Category,IMG
Earth Stars ,Cryptanthus,M,M,M,50-55,0.25-0.5,30-50,20-40,0,0,0,0,1,0,0,0,Bromeliads,https://encrypted-tbn0.gstatic.com/images?q=tbn%3AANd9GcRSd2YFNviUlTo_qRNCXEvRG-KvYYQSOwUi8hgccJCPCI0GoPlQ
Living Vase,Aechmea ,I ,M ,M ,55-62,3-4,30-45,15-26,0,0,0,0,1,0,0,0,Bromeliads,https://encrypted-tbn0.gstatic.com/images?q=tbn%3AANd9GcSW4DeOV3K_S2nnn648idB5nBnBTyFmAkKbrZ0_ZEa7pY1eldUw
Pineapple,Ananas ,I ,M ,H ,50-55,7-10,75-150,90-120,0,0,0,0,1,0,0,0,Bromeliads,https://www.google.com/url?sa=i&url=https%3A%2F%2Fwww.amazon.co.uk%2FPineapple-Champaca-Green-Plant-Growing%2Fdp%2FB079JYYMRX&psig=AOvVaw3hl2AdJktMEuZAnDcN_bkh&ust=1575024911984000&source=images&cd=vfe&ved=0CAIQjRxqFwoTCPjyoZjfjOYCFQAAAAAdAAAAABAD
Air Plant ,Tillandsia ,D ,M ,L ,50-55,3-5,15-20,20-40,1,0,0,0,0,0,0,1,Bromeliads,https://encrypted-tbn0.gstatic.com/images?q=tbn%3AANd9GcQ_oQyfCjmmTY-jQ-TYydK2aOGYhwrUeVOj_7lNRqFG3VWmwyIW
Barrel Cacti,Ferocactus,D ,L-M ,H ,62-65,50-130,150-300,40-60,0,1,0,0,0,0,0,0,Cactus,https://www.google.com/url?sa=i&url=https%3A%2F%2Fhortology.co.uk%2Fproducts%2Fechinocactus-grusonii-golden-barrel-cactus&psig=AOvVaw2zLKBISNBlzhET2AB7QqDE&ust=1575024987539000&source=images&cd=vfe&ved=0CAIQjRxqFwoTCPDl2brfjOYCFQAAAAAdAAAAABAD
Candelabra Cacti,Euphorbia,D ,L ,H ,62-65,3-4,100-300,40-60,1,1,0,0,0,0,0,0,Cactus,https://www.google.com/url?sa=i&url=https%3A%2F%2Fwww.ebay.com%2Fc%2F10032228392&psig=AOvVaw03krM-oeG67uWwpXgE5Nhw&ust=1575025005702000&source=images&cd=vfe&ved=0CAIQjRxqFwoTCIjrkMPfjOYCFQAAAAAdAAAAABAD
Chin Cacti,Gymnocalycium,I ,L ,H ,55-60,0.15-0.5,7-10,8-13,1,1,0,0,0,0,0,0,Cactus,https://www.google.com/url?sa=i&url=https%3A%2F%2Fwww.jardineriakuka.com%2Fcactaceas%2F7576-cactus-gymnocalycium-mihanovichii.html&psig=AOvVaw1NN09-btJNNcDHWBFdV5sZ&ust=1575025025274000&source=images&cd=vfe&ved=0CAIQjRxqFwoTCNiNotffjOYCFQAAAAAdAAAAABBF
Christmas Cacti,Schlumbergera bridgesii ,M ,M-H ,M-H ,55-65,40-50,15-25,50-60,0,1,0,0,0,0,0,0,Cactus,https://www.google.com/url?sa=i&url=https%3A%2F%2Fwww.gardenloversclub.com%2Fhouseplants%2Fchristmas-cactus%2Fcare-for-christmas-cactus%2F&psig=AOvVaw1ZHlRHRNJkh7vJUgXsbN6O&ust=1575025176981000&source=images&cd=vfe&ved=0CAIQjRxqFwoTCIjEmJjgjOYCFQAAAAAdAAAAABAD
Easter Cacti,Rhipsalidopsis gaertneri ,M ,M-H ,M-H ,55-65,10-15,70-90,30-40,1,1,0,0,0,0,0,0,Cactus,https://www.google.com/url?sa=i&url=https%3A%2F%2Fshop.pistilsnursery.com%2Fproducts%2Fspring-cactus&psig=AOvVaw31RtcPnVUebIyQP0RQIugh&ust=1575025201943000&source=images&cd=vfe&ved=0CAIQjRxqFwoTCLCTg8jgjOYCFQAAAAAdAAAAABAO
Hedgehog cacti,"Echinocactus, Lobivia, Rebutia ",D ,L ,H ,62-65,50-100,20-30,2-3,0,1,0,0,0,0,0,0,Cactus,https://www.google.com/url?sa=i&url=https%3A%2F%2Fwww.ebay.com%2Fitm%2FRainbow-Hedgehog-Cactus-in-our-high-quality-cactus-mix-2-5-pot-%2F123464093060&psig=AOvVaw0B62pKvKVuWc1TAIpxoN-n&ust=1575025337105000&source=images&cd=vfe&ved=0CAIQjRxqFwoTCLiejv_gjOYCFQAAAAAdAAAAABAJ
Pincushion cacti ,Mammillaria ,D ,L ,H ,62-65,100-200,20-30,2-3,0,1,0,0,0,0,0,0,Cactus,https://www.google.com/url?sa=i&url=https%3A%2F%2Fwww.plantsguru.com%2Fmammillaria-spinosissima-cactus-plant&psig=AOvVaw3y2qVcK1z4_M3g3rROxOrz&ust=1575025475265000&source=images&cd=vfe&ved=0CAIQjRxqFwoTCLDI-KbhjOYCFQAAAAAdAAAAABAD
Prickly Pears ,Opuntia ,D ,L ,H ,62-65,20-30,30-50,10-15,0,1,0,0,0,0,0,0,Cactus,https://www.google.com/url?sa=i&url=https%3A%2F%2Fwww.123rf.com%2Fphoto_49744689_opuntia-ficus-indica-cactus-with-fruit-watercolor-painting-on-white-background.html&psig=AOvVaw1u9fvRxer1UsfiP3g_8RiY&ust=1575025588795000&source=images&cd=vfe&ved=0CAIQjRxqFwoTCKiMyOLhjOYCFQAAAAAdAAAAABAP
Thanksgiving Cacti,Zygocactus truncatus ,M ,M-H ,M-H ,55-65 ,20-40,20-30,30-45,0,1,0,0,0,0,0,0,Cactus,https://i.pinimg.com/originals/be/c5/50/bec550f4c4cdba37175deebb3c670adc.jpg
Torch Cacti ,Trichocereus ,D ,L ,H ,62-65,20-50,400-600,15-20,1,1,0,0,0,0,0,0,Cactus,https://encrypted-tbn0.gstatic.com/images?q=tbn%3AANd9GcTggP9RKDt4mOtKOVqvzdnLaTr6k5i24DgqOANhrhaoykhgT3h3
Asparagus Fern,Asparagus setaceus ,M ,M-H ,M ,55-65,25-30,70-90,5-15,1,1,1,1,0,0,1,0,Ferns,https://www.google.com/url?sa=i&url=https%3A%2F%2Fhortology.co.uk%2Fproducts%2Fasparagus-setaceus-lace-fern-house-plants&psig=AOvVaw1EImJiIK18oG22hR26qaOE&ust=1575025758475000&source=images&cd=vfe&ved=0CAIQjRxqFwoTCOjT56rijOYCFQAAAAAdAAAAABAD
Birdnest Fern,Asplenium nidus ,M ,M ,L-M ,55-65,20-25,80-150,50-90,0,1,1,1,0,0,1,0,Ferns,https://www.google.com/url?sa=i&url=http%3A%2F%2Fwww.joshsfrogs.com%2Fasplenium-nidus-bird-s-nest-fern.html&psig=AOvVaw0YcZPloRkC_BYuiaDT5Hb7&ust=1575025779549000&source=images&cd=vfe&ved=0CAIQjRxqFwoTCJDxsLPijOYCFQAAAAAdAAAAABAD
Staghorn Fern,Platycerium ,M ,H ,M ,55-65,2-5,70-100,40-60,0,1,1,1,0,0,1,0,Ferns,https://encrypted-tbn0.gstatic.com/images?q=tbn%3AANd9GcQSCE3d-uDgNHYcYIVdsAm9tOnDfKo6HKi70fMQKAroO0Duaf8n
Sword Fern,Nephrolepis ,M ,M-H ,M ,50-55,5-10,70-100,5-10,0,1,1,1,0,0,1,0,Ferns,https://www.google.com/url?sa=i&url=https%3A%2F%2Fwww.wayfair.com%2Fdecor-pillows%2Fpdx%2Fbrayden-studio-sword-fern-plant-in-pot-bstu3386.html&psig=AOvVaw3vX6APvTjikBF1uw_dCYiW&ust=1575025816019000&source=images&cd=vfe&ved=0CAIQjRxqFwoTCPjkv8zijOYCFQAAAAAdAAAAABAD
Boston Fern ,Adiantum ,M ,M-H ,M ,55-65 ,5-10,70-120,30-50,0,1,1,1,0,0,1,0,Ferns,https://www.google.com/url?sa=i&url=https%3A%2F%2Fwww.homedepot.com%2Fp%2FNearly-Natural-Indoor-22-in-Boston-Fern-Artificial-Plant-in-Sandstone-Planter-8052%2F305531087&psig=AOvVaw3IaeK2JZ83Yg6Vp9J9J3VR&ust=1575025849857000&source=images&cd=vfe&ved=0CAIQjRxqFwoTCIjfwNXijOYCFQAAAAAdAAAAABAD
Weeping Fig ,Ficus benjamina ,D ,M-H ,M-H,62-65,15-20,100-200,20-30,1,1,1,0,0,0,1,0,Figs,https://www.google.com/url?sa=i&url=https%3A%2F%2Fwww.amazon.com%2FWintergreen-Weeping-Fig-Tree-Indoor%2Fdp%2FB00MT0OAUK&psig=AOvVaw2I18N5ZcnzawTgipNVqwB2&ust=1575025866572000&source=images&cd=vfe&ved=0CAIQjRxqFwoTCPCO8tzijOYCFQAAAAAdAAAAABAD
Creeping Fig ,Ficus pumila ,M,M ,M-H,62-65,20-25,250-400,10-150,1,1,1,0,0,0,1,0,Figs,https://www.google.com/url?sa=i&url=http%3A%2F%2Fwww.joshsfrogs.com%2Fficus-pumila-creeping-fig.html&psig=AOvVaw1W8W76m6rSPTcrTMGo1DvO&ust=1575025879979000&source=images&cd=vfe&ved=0CAIQjRxqFwoTCICTxuXijOYCFQAAAAAdAAAAABAD
Fiddle Leaf Fig ,Ficus lyrata ,I ,M ,M-H,62-65,25-50,200-300,30-50,1,1,1,0,0,0,1,0,Figs,https://www.google.com/url?sa=i&url=https%3A%2F%2Fwww.amazon.com%2FCosta-Farms-Lyrata-Fiddle-Leaf-Excellent%2Fdp%2FB00NYNTRPO&psig=AOvVaw2sYLIiGI59Cnmp_C90A-eA&ust=1575025903051000&source=images&cd=vfe&ved=0CAIQjRxqFwoTCPD_wO7ijOYCFQAAAAAdAAAAABAD
Indian Laurel ,Ficus retusa nitida ,M ,M ,M ,62-65,50-150,1500-2400,1000-1200,1,1,1,0,0,0,1,0,Figs,https://www.google.com/url?sa=i&url=https%3A%2F%2Fwww.goinggreens.in%2Fgoing-greens-ficus-bonsai-ficus-retusa-in-ceramic-pot-4.html&psig=AOvVaw1B-gM7GkpGK22SuxXU4Kx5&ust=1575025939235000&source=images&cd=vfe&ved=0CAIQjRxqFwoTCIiUwIfjjOYCFQAAAAAdAAAAABAi
Rubber Plant ,Ficus elastica ,I ,L-M ,H ,62-65,25-50,3000-4000,1000-2000,1,1,1,0,0,0,1,0,Figs,https://www.google.com/url?sa=i&url=https%3A%2F%2Fwww.homedepot.com%2Fp%2FCosta-Farms-Burgundy-Rubber-Plant-in-8-75-in-Pot-10BURG%2F203380904&psig=AOvVaw0F5IZZmuSdXfSNWRuJyIct&ust=1575026043620000&source=images&cd=vfe&ved=0CAIQjRxqFwoTCJCIyrPjjOYCFQAAAAAdAAAAABAD
Grape Ivy,Cissus rhombifolia ,I ,M ,M ,50-55,20-25,100-150,100-150,0,1,1,0,0,0,1,0,Ivy,https://www.google.com/url?sa=i&url=https%3A%2F%2Fhirts.com%2Foak-leaf-grape-ivy-plant-cissus-rhombifolia-6-pot%2F&psig=AOvVaw1msk0JL3zB3c8e76jy_hsf&ust=1575026063882000&source=images&cd=vfe&ved=0CAIQjRxqFwoTCPCwl7zjjOYCFQAAAAAdAAAAABAD
English Ivy ,Hedra helix ,I ,M ,M-H,45-50,20-25,2000-3000,30-50,1,1,1,0,0,0,1,0,Ivy,https://www.google.com/url?sa=i&url=https%3A%2F%2Fwww.amazon.com%2FGold-Child-English-Ivy-Groundcover%2Fdp%2FB01AAWQURY&psig=AOvVaw1SyV0uC0B0rbpDvJHFxgwd&ust=1575026082500000&source=images&cd=vfe&ved=0CAIQjRxqFwoTCOjwsMTjjOYCFQAAAAAdAAAAABAJ
Kangaroo Ivy ,Cissus antarctica ,I ,M ,M ,50-55,5-10,200-300,60-90,0,1,1,0,0,0,1,0,Ivy,https://www.google.com/url?sa=i&url=https%3A%2F%2Fwww.zulily.com%2Fp%2Fgreen-kangaroo-ivy-hanging-spray-5675-73201837.html&psig=AOvVaw3_jrXm_GVCIMi8epR1iKwQ&ust=1575026107587000&source=images&cd=vfe&ved=0CAIQjRxqFwoTCKjeldbjjOYCFQAAAAAdAAAAABAU
German Ivy ,Senecio mikanioides,I,M ,M-H,50-60,5-10,300-500,50-100,1,1,1,0,0,0,1,0,Ivy,https://www.google.com/url?sa=i&url=https%3A%2F%2Fwww.pinterest.com%2Fpin%2F158822324329020971%2F&psig=AOvVaw3ZndtlWK0nyw_ak3o0xWlY&ust=1575026163865000&source=images&cd=vfe&ved=0CAIQjRxqFwoTCKi4tuvjjOYCFQAAAAAdAAAAABAD
Swedish Ivy ,Plectranthus australis ,I,M ,M ,50-55,3-5,60-90,40-80,0,1,1,0,0,0,1,0,Ivy,https://www.google.com/url?sa=i&url=http%3A%2F%2Fwww.joshsfrogs.com%2Fplectranthus-australis-swedish-ivy-green.html&psig=AOvVaw0P93QhwMxRW2k2C-t-2e-s&ust=1575026183288000&source=images&cd=vfe&ved=0CAIQjRxqFwoTCKC4i_XjjOYCFQAAAAAdAAAAABAD
Bamboo Palm,Chamaedorea erumpens ,M ,L ,L ,62-65,10-20,100-250,90-150,0,1,0,0,0,0,1,0,Palms,https://encrypted-tbn0.gstatic.com/images?q=tbn%3AANd9GcT1EAJmxvvbGOKB6Apdo5Z-Ly5KolNQaVHJIHyqdAFsyHHfUyeS
Kentia Palm ,Howea forsterana ,I ,M ,M ,50-55,50-60,800-1000,400-600,0,1,0,0,0,0,1,0,Palms,https://www.google.com/url?sa=i&url=https%3A%2F%2Fwww.gardeningknowhow.com%2Fhouseplants%2Fkentia-palm%2Fhowea-forsteriana-kentia-palm.htm&psig=AOvVaw1IvF7WeRHBLY_Dy7gabuU8&ust=1575026220341000&source=images&cd=vfe&ved=0CAIQjRxqFwoTCIC_44vkjOYCFQAAAAAdAAAAABAJ
Lady Palm ,Rhapis excelsa ,M ,M ,M ,50-55,25-50,300-400,40-60,0,1,0,0,0,0,1,0,Palms,https://encrypted-tbn0.gstatic.com/images?q=tbn%3AANd9GcQwgwhLxDk81ITMlF_PjZsflPJOxdxwC4o-5aRZH23FtdzUlr2H
Ponytail Palm ,Beaucarnea recurvata ,I ,M ,H ,50-55,20-25,230-450,200-300,0,1,0,0,0,0,1,0,Palms,https://www.google.com/url?sa=i&url=https%3A%2F%2Fshop.plantthefuture.com%2Fmilano-cylinder-large-white-ponytail-palm%2F&psig=AOvVaw3ilYj8fWoFJfiO3jYLReyr&ust=1575026280045000&source=images&cd=vfe&ved=0CAIQjRxqFwoTCKCD2qbkjOYCFQAAAAAdAAAAABAD
African Violet,Saintpaulia ionantha ,I ,H ,M-H,60-65,50-60,5-15,20-40,0,0,0,0,0,1,1,0,Other,https://www.google.com/url?sa=i&url=https%3A%2F%2Flucysflorist.com%2Fproducts%2Fafrican-violet-plant&psig=AOvVaw1pg3z0QHQgrSsWdS4k7C47&ust=1575026302249000&source=images&cd=vfe&ved=0CAIQjRxqFwoTCOCCyLPkjOYCFQAAAAAdAAAAABAD
Aloe,Aloe ,D ,M ,H ,50-55,5-25,60-100,40-60,1,1,0,0,0,0,0,0,Other,https://www.google.com/url?sa=i&url=https%3A%2F%2Fwww.meijer.com%2Fshop%2Fen%2Flive-plants%2Fflowers-plants%2Faloe-plant-in-4-x22-pot%2Fp%2F3013441814&psig=AOvVaw3O4LtfsSv44tVtjCZqAPFb&ust=1575026328763000&source=images&cd=vfe&ved=0CAIQjRxqFwoTCOCly7zkjOYCFQAAAAAdAAAAABAD
Aluminum Plant ,Pilea cadieri ,I,M ,M ,60-65,2-10,20-30,15-25,0,0,0,0,0,0,1,0,Other,https://encrypted-tbn0.gstatic.com/images?q=tbn%3AANd9GcQ0fTEoFT-6v_PZtbwjhO10zR-8nxvq6qjgTc1BlyqPxcKpd5Pc
Amaryllis ,Hippeastrum,I ,M ,M-H,50-55,50-60,30-50,40-60,1,1,0,0,1,0,0,0,Other,https://www.google.com/url?sa=i&url=https%3A%2F%2Fwww.dehner.de%2Fprodukte%2Famaryllis-2-trieber-sonderfarben-X008736175%2F&psig=AOvVaw0JH1ocxmm07DT57yP6AnrE&ust=1575026378940000&source=images&cd=vfe&ved=0CAIQjRxqFwoTCNiu8NTkjOYCFQAAAAAdAAAAABAJ
Artilliery Plant ,Pilea microphylla ,I,M-H,M ,60-65,1-3,20-30,40-60,0,0,0,0,1,0,0,0,Other,https://www.neherpetoculture.com/plantimgs/pileamicrophylla1.jpg
Burroâ€™s Tail ,Sedum morganianum ,D ,M ,H ,50-60,5-10,90-120,10-30,0,0,0,0,1,0,0,0,Other,https://encrypted-tbn0.gstatic.com/images?q=tbn:ANd9GcTdgdDmDjShslDQ8DeFC6SI8RD9pOdC6NWxfLz5q3Km2fF22Zpv&s
Cast Iron Plant ,Aspidistra elatior ,M ,M ,L-M,45-50,50-60,40-60,40-60,0,0,0,0,1,0,1,0,Other,https://images-na.ssl-images-amazon.com/images/I/516wzBuj4RL._SX425_.jpg
Chinese Evergreen ,Aglaonema commutatum ,I ,L-M ,L ,60-65,20-25,100-150,30-45,1,0,0,0,1,0,1,0,Other,https://cdn.shopify.com/s/files/1/1706/1307/products/Aglaonema-Stripes-Chinese-Evergreen-1.jpg?v=1546699652
Croton ,Codiaeum ,I ,H ,H ,60-65,20-25,100-250,100-180,1,0,0,0,1,0,1,0,Other,https://images-na.ssl-images-amazon.com/images/I/81h5XEAyZ3L._SX425_.jpg
Cyclamen ,Cyclamen persicum ,I ,H ,H ,50-55,0.15-0.5,25-35,5-15,1,0,0,0,1,0,1,0,Other,"data:image/jpeg;base64,/9j/4AAQSkZJRgABAQAAAQABAAD/2wCEAAkGBxITEhUTEhMWFhUXFxgYGBgYFxgaGBcYGBcXGBgYHh8YHSggGBolGxgVITEhJSkrLi4uFx8zODMtNygtLisBCgoKDg0OGxAQGy0mICYtLSstNS0tLS0rLS0tLS0tLS0tLS0tLS0tLS0tLS0tLS0tLS0tLS0tLS0tLS0tLS0tLf/AABEIAQkAvgMBIgACEQEDEQH/xAAcAAACAgMBAQAAAAAAAAAAAAAABQQGAQIDBwj/xAA8EAABAwIEAggEBAYCAgMAAAABAAIRAyEEBRIxQVEGEyJhcYGRoTKxwdEU4fDxByNCUmJyM5IVghYksv/EABoBAAIDAQEAAAAAAAAAAAAAAAAEAQIDBQb/xAAuEQADAAICAgEDAQYHAAAAAAAAAQIDEQQhEjFBEyJhUTKBocHR8AUUI3Gx4fH/2gAMAwEAAhEDEQA/APcUIQgAQhCABCEIAELDjZL34lzbzKtMuvRaYdehihcqFcObqC4MxOqpA2Eo8X2Ch9/gmIXJ9YAgcSuqrojQIQhBAIQhAAhCEACEIQAIQhAAhCEACEIQAIQhAAhCEAa1GyCEhx7nMOl3keasCjY7CCowtPkeRWuK1Nd+jbDkUV36EGX40t1NmxHy/dbVMX1TS4G/sEortc15YfikDzJTnEYJkBpvG/eU/cwnv9TqZIhNN+maZK9z3a3GSeaswVfwtVjDGynvzNoMBK5pdV0hLkxV3uUMkKNQxQK3OIbq08Uv4sUcPejshYlYc4BVKmyFDpYyXRptzlTFLTXsly17BCEKCAQhCABCEIAEIQgAQhCABCgYzEEOgGIXXBYrWO8K7h62XeNqfIlLR9QDcqNmWObSYSTfgO9IMZmBkEngr4sLs1w8esnfwY6WOayrRdxLmz3wTH1XKrjTMOBaTtIInwlS8Bjg+owkAkNInwP2K79KaTX0JJ0lrgQfOCPMH5JqX9NzFIfivBxiufxv94jxle89wW2Hxc2OyVPxIMkLNGrddBY05On9D7dMslLFFrolbNxU1p7h9UnqViQ2OE/RTMlpuqP7N43PAJW8alOmJXhmZdMY55nzsPohoIcDvPBZGcCowPbxG3LuSn+IDA2mwcRefb6qv5Rji1oYdjJ+SwxY4pJkcfhxkwK0uy8YSvACk4jMA7sjjayqxzS4A802y9gE1eew5HiVN4l+0zLLxlP3V+4cUqzmN7Rlx2HL811w+JJeWkRb1SF2LOoc06wuKDonceyxyYnK3oUy4XK3oYIWFlKiYIQhAAhCEACEKHmGOFMbEk7D9bKUm3pEzLp6RxzmidOtu7d+8fkkeAzCHb7qVWzmpyEfrmljqdN2w0nmPsujhxtR42jrcfE1Dm0R8djiajw52ot2J8fsuuEzGRocA5p3CU4tpY5+ogucRtyA+v0XChVgpucac6OouNNR/f6DjCA0qmkmRMtPMELbpVmbg1rG8ZJ8uH65KHi6ximeTo9RP0SzHvqYh5NJj3htuy0nbnCxySk9spOJO5yX8EZuIK2OLhcXYSoG6nCO7j+SW4jFSIPxD3H5K05nPs6WNzT0/RYcRmUNHeFZeg+KDYB3qm3kCfRedOxANIA76reEX+ie4bM6jKbDRdpLYBcIiOPyFuMKme/NORTm4FWJ418lw6e4Bz2MeNh2XdwMEH5+qpmMLQaYadgfmPzUTPelGIe9jarnOpkgCGgN1X3jeLbrRzSTJcLDb9bLDAvHpmPBx1jjwt+v5jXByTKs9TEw0AbAKB0Yp09D3u0uAAbFiJd+xUvHYQaJp2gXHCO5MeSddmebJNZPF/BxoPkyrBlFFxuNtp+aquXPdUeGMBN+04CQB91fcKGtYBsAseVelpCXPrwXiiQsrAcsrnHHBCEIAEIQgAS7OKMtDuITFaVKYcCDsVaK8a2XivGkyo1aihVHAKx1+j7SZa8jxEpRnWTOpU3VJ1hokgC8cSunj5GL1s7OHkYW0tibG0dQ1DdJH1oKZDE/y3VW3a2NXMTsSOXelOMrsqtL22eBq7nDifH7JlZJXpna47S6fr/gZVcSTTAbcmY9PzW/RfMqjanUsMB82JIAIBN/HafBJsv6yo0dWO0x0g3g7SJ8lbBiGspluljC+Osdu5x8T8IWOTdvpC/Lx6+yVvf97OOYWJD2FveLhU/pJhW06jHAyHXHl8k+x9VxINMhzYvMgg85nZcsKzWQ8wXUw+xAM6gBx8EZFudF43EbOHRLJ+uqEkdhvxTtBm3mtummDxFKXCmeqa3sFnwSbRbYyrT0bqtNKqWNDCCJgWJM8OGyzXxJ+FwDhOxAInzWKiq2pE3my1levjoqvQzIKlYmpXtRB24vIv5AHir1RcyiNNKmxo8Bfv5k9654fGtI02aO6wUfOsxw9JhIeHP2DQZv38keGnqjDI7y5NUn+EdMA5lTEaNLQPjqAW1O2E81x/GiHRcBxHlNkgyzGvpipVIILxDZ3vMnwHNZwVQmy3WLt/oNLiabfwtf9jfA5jA0iGgcBZT24481X8Cwyecqy5TgL6nbKlqUtsx5E44W2Mhi3tptjjb2U7B1XEdopYcQKropgljeIBgnnOybYWmQLiEhk1r8nHy+Kn12SEIQsBUEIQgAQhCABavYCINwdxzC443FdW2YlRsPnFNxg9k9+yusdNbSNJx215JCqvlNBj3BlJoa5pa+5ggjaCYjbgq/TyvDufdlhtBPuJjyVh6R41rTpabkXVZo1rrpcbG6jbO3xIusfk2yw0slmGtLW043aL+AHBTaPRzCcWazzeSfy9AoGX1i4aZg8D3qZhMSSJ748xuscqyetiuV5u15P93RT+meVfhXTTH8qpsJ+E8R4beqSZFiAW1QT/QY8Yt7wr9/EKk12Dl/BzYgwe1I/PyXn3R7Lpq6S8hpZUfMQ7SxrnDTMg9poHryVYzNTuvSOjxuWnxW8j7XQ/6K1y3rmOBGpocJ46SZ84PsutbEC91HxOCdTpYeoXOcytTGrUZh8TY8LH2KhNfpDGG56wieYDSR8wmePkTXkvkth8Lbufn/AMJwxaDUpzrc0E8zcCOMc+/uULParaYphgAc6T5LWlQqFnWCPA2kLZ2mM6hrfoMwxEyZlSMnIIk7DdJ8cR1Ze20EBzeU7EefzUno1TfX1U27mPncegKhZJS0aPxWFretFlyzSJqPMAknyViyTEdcZa3+UJuf6j9lWMN0dxdeuG1qfVYdh21N7QH+pO/D1XolKkGgNaAALAAQAFz8+dV0jzvN5E09T3/I2DYWUIShzAQhCABCEIAEIUPH47qgTocY47D14KG0ltgSalMOEESEgzPIN3Ujf+0/QqvZr0urunQRTbNoEkx3lR8l6X1KbqnWF1VsGxNw4RseXNEcp43tFsXKeOvtf9CbMjRUBkeTm/rkleNpGmd5BuDzH3VmFb8ZRNcU9DmujedTQATsO9IM4/4XH+0hw9YPzXZ42dZJ8kei4XIWTTXz7RJyfEXBlTsBiRSpaqpgy50cbkkTyVf6P1gd+/8AXzS7pbmxB6sD/KeFjtCORUynTJ5UzNNP10dM+z99Z2twDmU5Ip30COLouT4JDjOkVSviDWGlpbTFIBoIaAWOaQAdrOd6qJn+ah1QdV2W6dJGwMgyY84SPCOIdq7/AJmAuPyMiuvt9I5mbJNWlPrR7nlmLwuLwTKHWgPZTZYmHNe0RIncTItwKouKrfzqQ4XPiTA+Q91V6jHw7SQCRI3uCYIkbXT/ABOMaepfxbE+BumOFT7T/Ax/htOXUv1v+pKwlT8ViS51mMEAdwMe5klMs3xUN0t9uCiZfR6mlqJ7b+07/wBiTHuuJBdJK6CXR009k3o1kH4vrWmrogN3EzeeY5K9dF+jNLBBx16nO/qMNA7hdeeU6MNMmI4+q3wjjUqtpMcS47Dj4Dy+S4nL5FY8jhLZwefycqyPFvo9ia4G4M+C2SHo5kj6AlzzcfCD2f3T5TDbXaEAQhCsAIQhAAhCEACS9LKNV+Hc2kNRkagNy0bgczt7p0sEqGtohraPIK1ACmZ31WnhJj7JTWbpDgf7ZnvsZTjPsa1zqhaQWmq4g/4gkz4IzjG0G4I06J1vrOa6o8gjTpghg4mCB780l+11sxmddkDB9Ia4pto06r2tAsGnT43AneUyzmq4YS0n/j1EzIBAM33vHqq3qDWDjF/DuU1uZ6qbhNiNLm8HCLefyhMcPL9Knv0O8LlrBk3S6O2S4o3Y25I1DxbMjzBKm1MtoVQKtd8BzWw1pA4XJJ59yQ4FrqT9TTcTHyXLEYhrKjBV/wCNzAASfgc23oQfbxXTyZ8V+Mt7O9yM/HytLe/ktOHy/LwRppscf8pd/wDowp4wGEIj8PR/6MHyCrQw+na4OxC54zOG4cA1X6Z2FyT4AXhM+GOZ7SLPHgmd9IsGO6PU+reaTAAWuBG8BwuWz3gGFRcrzAa2Uns4svNt4gz4K5ZJ0naXATvtPFVX+IWBFKuX0xFOo3WI4G+pvkb+Dgkcup+/E+hDJ/p15Y31+CwuoOc86lLpYedhYLXo3jKeJw7HF7RUa0NqAkAyBZ1+BF/VMa+ZYaiyQ4VX8GsvfvIsAmlyccz5NjE8yJjbZXc8fo0sM8z9J9D6qD0SzWMwoOcYaHR5FpafYrjjc3qCo51YDtGw0+gvyXPLWUzU6wGIk+29+S89nyVeR3r5ODny/Uyuz3ermtBp0uqsB5FwCmArwirm5qBsuOlmprIAsJ8Lk7mV6F/D7NtQdRc8udu2eAAu2OC1x8h09NFFSZdkIQmiwIQhAAhCEACpXTzPSycOwkAgdY7jB/oHeR9O9WLPM6p4Zmp5udmjc/Yd68g6Y54cTVPVshzvewaIJ7uPesc1daRSq+BFnGYkvhscYG/y3KsWD69uG6ipSwuxOol7agM6hqIBad+Oy45NkTaYD3smrvquWtm4jkbbpriML1ZDql5EkAyIDgZE+I91h46XRk8mvQkxGWPAglhG8h1wfRQ6Y6vZzTO+/wBB4pvi8NrLWNuS4wYuRxNthso2Z0WUWEC5c2IPeL+ELPveiU00KMZnYpyKQ11HHjsJ27z7KNmlOq/DNL71GuvEGZnl4hYp1BQqGoWai5v8u8AOiC64mRBXXCVTUZVY/fsuMGReRY/+q22kkxnDSW0JxVq0g0MqEab7kajvcDgouMpPrvD2AuL7EEyR68P1xU7FUS6xOw/b6LahQ6nqydyQ53mYj0Wv1NIPJ9yxmMOQ0MBuIBsbn6BRsyzCoKbqc62X7L7huwBad2nbY+Kb6DMAW5/5cfqlOaYRz5DQb3Fvb2Wc1pmMW1W2Q3ODYA4CfPgmmW6Tu5xcbcfVJ8BQL6vVwZEn/rH3Tujhiy0b7nh4KLlPoM9dpDKtQOkam6mEWbE+c8FGfhoIDWy08QBtsQbJ1hq5LA3TBA58FwNCGuAYbdppmZj9j6rJLRjNaEuUs+JjhMVLdw2+g9VY8qqvZWNVh7TdLh3xuO8fdIsBWaXuNjLp25HhyVhwoEWFzbj+v2WN3vaRskew4asHsa8bOaHDwIldVR8N0pq0wA4NcByEGOQvyVxwWKZVYHsMtP6g8iuhizTfS9l0zuhCFsSCjY3GspCXHwHEnkF2rTpOneDHjFlXqvRRr6gqvqvLtJkEzBI4E7AclSm/hAVTN/573mpbVcH+3kB3dyUYPAsHaaHOINgTtAvbZNMbg3sc5jviG4NgRMyD3iPRc9LNQaLAbXMz9plJOt1oVp9mzqfVMc6HanDc7N/6i/7JTWqCzw8TsQZAPPhseSb47Gl4dTaPEi4VcxuaYej/AMjhq/tAkjxA+sKyfRHiSMLSIc5+zWwAeYIB4bmfol2PqvfUL9Np/tvAsBfbZK6/SCo54dTJawfC2L+Lj9E5o4gVGhxbEuuXE78jHC8yoSa9lnoV5lULgG6CANrcrLtgsO1tE1Ae0LFsXg7e4PqpePwbXw6lctMRFrcPQyuOGwxDTMhx2veAb+8Kfa0iZvxezWuKTaJqOZJ202kk9+4/Xglea1qYqMFSI6sGLxcu9U2zvCHqw3cjS7bje3eYBVYxFKpVqEtYXGw5xyhCa2E012xpleYSdNU6mTDXDfSNp5247prmmNoU2AwXgmAJiLTcpNRphg0wDUPAX07fEfoEpzWhVaR1knkbQRvw2QtUy/kn2WrBtoVWl9IQ4DtCZIHC83H2XfDipMAn6BVzA1nUXNLGiRAeOBncH29JVko5th3baxIm4I2F40oe16RSnsZ4caQWxEjfhfdcKtUUqTiDsCQBsZsPPZRPxrHE9o7Rdp25ePooWJxbnzTYdDBdxIudMGwvxhZ7aXZTRFp5hRDgerLRxh0/NWfAv13EsY0b7EkcFUKxAIN5kEjeRI97pt/5czppskARJ4nhCXrv0Xq3omY+lWZpcDcmZGzRy/XJWnoT0uZS1Mragx0EENsHWFwNpEeir2Ce9wAqO3ueQ7lJGDM3d2eAmJ5dy11UNVPsrNNHtDXSJHFZVb6DY7XQNMntUzEHcNI7PluPJWRdOK8pTGU9oEIWlbVB0xPCdvZWJPPM6ripiKpdMtcWgDk2w+pSXE4idUF2ncmBHlJTTPsNUZWdqbBcSZG0O3jnyVZznFmnTk3cZDRw1E3PkI+S5DVeTYu33oWZ3nb2MIp9kuBA4nx/fj4KmVSbzJcbkmZM8TKdspvqPLn77m3L5cFpjMC0C255LeHroBVh8SQABvt9k6wOY1Ae1cRcEbxz+6h08GQZM24c/wAlMYHECbyfsr1bb9EFhwdX+pkQd43E3j6eSYUzYmGhu5J3PdPuqxjswZQFMOI1EQBcG5Mkx8IiwSXN8XUf2hUc5v8AaT8Mcx9VClsvOF0t7LjmDtTYaQdJBLp37gR4pZjswNGk0aAC+qKYIm7DBLr3kA6ffuTnJ67K9Cm+2pzZIHBws4wdxMrtUysVNEsa4sOppMWNtuWw9Ep9VzeqRVPwemiNlmXFjg0gTYabTvcKH0ow1Mlgd/c8i24bcgyf9RZWKjRhwOmCNwOPgfoqf0irOqVyGSC06Rubz2jB5mfZTibbKRrfYqxFczpi5N+8/oppltFpJDztbeJ5rQZaGnU4y4f2iwm3EpjgaVMbB08zHrCdilS6Cuno6twzGNgOiTJkHy281qQwPLgbxfvi+xG48eKlGkS33sDPHmN/NLqmoES2BsALm+/jZRk01oqmbZZSDMUx7gDpeHxc6ry3bhsU1rVw57qrqbe24uJAIu4yTwj0XF7YdRtfq2AnkYKxh60WPwn9T4pRfr8F2/glASA4AgTF/hnlO0qTi3tIG44KxZdh+rw9PrBDHNvqs2dzv5qDiMpY7/jqMjhJ27hG4Wl7ei7xtIl/w/cW4kgHsvYQQbXbBHmL+RK9FVA6DUC3EuDoBawgAD4pIvPEQr+m+P1BpHoyo+NxrKQ1VHAD5qQk3SbK3V2N0btJMbSCII8dltbaW0XKNneZvqVnVHOlvwsaBYNBsTPEi58UnzE/iGt60imxmoMiJIcbknvgXTHMaPa6vSQ4kNg99kszFlR7iQJhx5Ei8RfhC5t9vZGZJJaI9PLMOBIDhb4tQ25wuVfJrNfTJew3kfbmu2No2aTAEXnj3AfZR8BiXU3FrQdJjUCd+8cj6qyl66Ftr5OrMsZYuBc48JgeA5rStUbS+IMptETAMwTzi081MrYxw/lmS34ieIsYjw+ajdIKTn4dzqZALYdMi7R8QI4Dj5LNeTpKujWMk71oqXSHoi5zuto1Gv1jW2nPaLe4n4o9uKrP4osJa6ZFiCIPom1XMKoaKdQxpdqY4WLTxgjge5Qc2xYrQ6pAqCxI/q5HxXQjyX20Mde0Ssux80TTBu12pvdzjz+asFPpNVbTcNWpwpsLdQBM31bjwVGbig34Y7jxTPLM66t+tkatOkEgEtPAwVW8KfegTT6Zdcmz3E1WB2vmCA1ogyY4TsR6qdUaZLnTrO7v22KRUemjxS/+zQ6wSO20NY//AGH2O87hM82zM/h/xOCP4iltVBlr6Pc5m4/2kjjcJd46l/ahe8T8ujd7IDXCLSD8x8ypGGpB21ncuB8O9RWV2OY17CHNIsRe1/rIITanSYWgtsYBRN+Jg0dsLWbp0kQ4T4qv4y5cYMA2ncSbzIvzTDMnG0uuST3879yUOqOLu0SSDIk+ZseFlNv5BIdYN2uCNtIEf6CPWyziqxYyS3YxH+XARy/NQcL0g0gGpSbJ+Is7J8YMgqVQxeGqVAesqNdeBUEt2MwRMWnkknPkbrF93sejpNi8Rh3MrsphhgNLWkEukWF4iJnxC1pYYRdPcryBtelqD26myGt/p5zI5k+ygYzDVaTtNWmW8iLtPgRZbuaaVM0pHbo5IxNIN/uPpBn2lekBUfoVhdVd1WOyxpAP+Rj6T6q8Jvib8Nv9QXoEIWE0SJekWVsforbPpODp5tBkg/NUzpBlop1327E65HEOM+vDyXpdRgcCDsQQfAql9LsA8UmPDZ6uWPPMD4HHmI3S2eFraKZFuSu18M1zZAsf1FkuwWE0dp9gD+367lLw2I1NhxJsdrDewEIo4SYGwkm/HgPkUvjfQqyD+FMk7xPupDqEtDdIgjT33EXgg81JfDNQJ4GB4D9lpl9Eve3jpuT3cB4ySs6bqtl8UOrS/JSq/RSs2wLXt5FLK/RipN6cDxBHvdesV8OqtmeEDqnamdo4DlsJW05rXo7ebHhlbr+BTf8A4lP9PpI+Uplg+h4Gl1T4Wjst4atyXW2CuOT5FHadpk/CBJjzK59MmaGMpNHx3P8AqDAHmZPkpvJdtShOVHtJlGzLIatep2AOrFpcSNXlGybZBkFbDvFSnUDSLENEhzeLXTu0+ClZRX0nqz/6k8fzVgpqHkqV4j8YMb+72Kcfg6VL/iBaKrtRZJLWG0gcmm22yiUaz2yOfHaLCR7AJxi6Gp4B4Nkd97pHhsQ57yySA1xAAtIFr98XVIfls5OeU8lJE3EjUBvYATx757pXLGhzaWs03QCAHBp0wR2jMcl6j0MwLW4dri0anEkkgE72E9yfYnCsq030njsPaWEC1iIMclr9HyRWcWvZ8+1HCYgGfr+vddcsyerWqhtNhc8usBwg7k/0jmvYMs6AYSk9tQ66haZaHlpaDwsGib3urVRwzGyWsa2TJgASTuTG5VMXEa7pl9HnjcC6m00yNuB7ky6K1iyqBJ0uBab2m0H6eatuKwTH3cLjjxSXHZT1fbZcce7v8FesLl+SLN7LEAsrnQqBzQ4cQuicRBhZQhSALV7ARBEg8CtkIAqGa9EIl2GdpN+wdr/2ngq9VyTFNDh1boH9WwEcZPCJXqCof8Ts9NKn1TDBO/0H1S2THEryJx8dZb0irYZjalXq9bQ7lIcQAL7ce5WfDYRtNsNHieJXluTYgsrMq8nexsfYq9Z7nRpU2Fhu53IGABffySbrR0J4+PjS79jeoxKczwM9po7TSD4wdkrZ0sqBoLmNde5Bg+l07wuNNRurqqrTxa5jhHmbEKPJFXycOReLJ+T16btb2kFrGknxgwDy4qv9MKN6RO4YwerdR9yVYGYANpVWM7JqmXGJvbhItbbvKrPT3E1KRplrA9rgGFxJGkgCBYcQPYq8Xqtim0ittoEHcRMib+asuFdLRO5ASTKKDqgLndkAxA97p421lbJap7HuMqa38Ga+7bbyPCQEvyjLCaz3O2ER4n9FMnXjmDI+3mjE4kUWOdxMn7KkvTF8uB1n1+o56JdKWOr1MIYhjtLD3gXB85V6avmTo3jnDEh03c4mfEz84X0hlOK6ykx/FzRPjx903jfwwzwlpoZMXVcmFdVuhZmVghZQpIOOGw4YCG7STHKTJjuXZCEaAELCFIGULCygAK8Y/iY4urH/AGd7WHyXsy8y/iJlZLnGOOseB3S3J/ZQ5wn97/2PNNgrS2ka1JjuQvMbG/HiqvXN4A4wnfRrMBpgSACQZM/r8kjc7Wx3Lj+rjeNe3/I51sIdXV2mJuLfaVZOhuYPaalCo4ktALeUTBHhcKDmGDEa2XM7g7D6pLh81fhsT1gaHHaHSQQYtv3SsXuX+Dz+nL1Xs9CfmDqb9L2HQbtcOA5EeK74ugyszg5p8CDG3oqq7pvVedLqVIDjueKxhM8JcR1ek3jQ4gehkH0VpVe12jRXpkjE0Sw6YAjaBAhcApP/AJEVZY9ulw2Iv5JPisaW2srt+Ps7nFyrNOl7GD6oAUjL6NLG030ati34S0gODSO/e6qeJzOJvJSVmf1qFVtWkYdMRuHDi0jiCrY3uvXRrnhKPyWKv0DqYPEMqBwqUJs7ZzTBIDh5bj2XrfRlpbh6YPKfUkqq4DMn4pjWGmWF4Be0ukMuDYgCVd8I0AADYAAeScjTraOZm2oU17GNJd1yprqmEKGUIQpAFhCFIGUIQgDCFlYQBlLc7y0Vmf5Db7JihVqVS0y005e0eF9K+i72lzqbeepvEeHd3Kp5PiiyRcaT89/f5r6SzHLWVBcQ7n+t1QukPQqk92p7IcNntsfPn5pK8VQtPtHUxcibaa6ZU8LmexBv7Fcsdh21duy7cRsTw/QXbFdDKzDNF7XDkbFLvwOOo1WP6hzmiZAg+BAncbhJuG3oZz48WSG6nb/iRMO0g3F+M91k8pHSHGLyD4Hf7rg7LzTdJBuNyPVTKFEzG8gLWF1o81S09HSjT7Ug8Zjjfkqvm2N1VHlu02Vkx+CrOGimA2RDnONx3ADzlRML0TbvUcXdwsPuimn0dfgYKxp3XWyqUdVV2mmC8914+ytGQdFNLhUq9p/Af0t+571YMuy6mzsUWAdzR8yrblGSn4nbrWMdV+Eb5c8wv1ZjJMu0ja5Vjw1GFvh8JCltZCcmFK0jl3bp7ZhjVuFlC0MwQsIUgCFlCABCEIAEIQgDCyhCAMQudWkDuuqwgNiTF5K03bbw+yVV8oqjYyrcVxqLGsUP4GIz3PyUivgKhs5kj1UZmWOb8NI+n3V4qLmqf5eC75FN7aWynDK6x2bHifspeG6Mvd8bj4Cw+6tTFLpq04pXpFaz2/kWZfkjKYsAmrKQC3CytUhdvYIQhWIMIWUIAEIQgAQhCAP/2Q=="
Dieffenbachia or Dumbcane ,Dieffenbachia ,I ,M ,M ,60-65,1-3,50-60,40-50,1,0,0,0,1,0,1,0,Other,https://encrypted-tbn0.gstatic.com/images?q=tbn:ANd9GcRiyLwZnzchv5xncX8MUl8wmfm9SIxYdfLqROXbuNEI2XiTV7IU&s
Dragon Lilies ,Dracaena ,M ,M,L-M,62-65,20-25,70-100,20-30,1,0,0,0,1,0,1,0,Other,https://assets.eflorist.com/site/EF-14506/assets/products/PHR_/sku4060857.jpg
"Episcia, Flame Violet ",Episcia ,M,H,H ,60-65,2-10,15-30,5-15,0,0,0,0,1,0,1,0,Other,https://encrypted-tbn0.gstatic.com/images?q=tbn:ANd9GcSa9lAySvB4A_1r5x5jkymYGSRYM8i8w_sKRWKJpOJAbBrkIHGL&s
False Aralia ,Dizygotheca elegantissima ,M ,M ,M ,60-65,20-25,800-1500,100-200,0,0,0,1,1,0,0,0,Other,https://encrypted-tbn0.gstatic.com/images?q=tbn:ANd9GcT5brvpncQRofehJ6TL33O7rWdsoLvAPqeSbM7wyODn2jWwFJeFXA&s
Hawaiian Ti,Cordyline terminalis ,M ,H ,M,62-65,20-25,200-300,30-50,1,0,0,1,1,0,0,0,Other,https://cdn.shopify.com/s/files/1/1706/1307/products/Cordyline-fruticosa-Mambo-Hawaiian-Ti-Plant-Large.jpg?v=1531739327
Jade Plant ,Crassula arborescens ,D ,L-M ,H,50-55,50-100,150-300,150-300,1,0,0,1,1,0,0,0,Other,"data:image/jpeg;base64,/9j/4AAQSkZJRgABAQAAAQABAAD/2wCEAAkGBxAQEBUSEhAWFRUVGBcZFxIYFhcVGBcVFRUXFxcXFRcaHSggGBslGxUYITEhJSkrLi4uGCA2ODMtNygtLisBCgoKDg0OGxAQGy0mICYtLS0tLS0vLS0vLS01LS0tLS0vLS0tLS0tKy0tLS8tLS0tLS0tLS0tLS0tLS0tLS0vLf/AABEIAPYAzQMBEQACEQEDEQH/xAAcAAEAAQUBAQAAAAAAAAAAAAAABQECAwQGBwj/xAA8EAABAwIEAwYDBwIFBQAAAAABAAIRAyEEBRIxQVFhBhMiMnGRB4GxFCNCocHR8FJicoKi4fFDkpOywv/EABoBAQADAQEBAAAAAAAAAAAAAAABAwQCBQb/xAAyEQACAgEDAgMHBAICAwAAAAAAAQIDEQQSITFBE1FhInGBkaHR8AUyseEUwULxFSNS/9oADAMBAAIRAxEAPwD3FAEAQBAEAQBAEAQBAEAQBAEAQBAEAQBAEAQBAEAQBAEAQBAEAQBAEAQBAEAQBAEAQBAEAQBAEAQBAEAQBAEAQBAEAQBAEAQBAEAQBAEAQBAEAQBAEAQBAEAQBAEAQBAEAQBAEAQBAEAQBAEAQBAEBC9o+0dLBBoINSrUtTot8zo3JP4WjifaTZV2WRgss0UaeVzeOEurIfD59mXndQolkT3bS9rhG47wkgn/ACj5KpXvyLnRT0Unnz/onstz/DV4a2oG1DINF5DagLSQQWzcyDtIO4kK2NsJcJ8+RnsonDquPPsSisKQgCAIAgCAIAgCAIAgCAIAgCAIAgCAIAgLX1GjdwHqYQFwKAjsxzmjh6jGVSW95q0OglpLYlsjYwZjiAeS5lNR6nca5STaPPH1/tGY1awc0u7x1Nmp0NbSpamTPBvmd6u6rxr7XLUYXnhHqSarojD0y/e/z6G9nHaB7abA1hpvqEsJDtTRDS7U1wgzpAiY3m435t1bVTltafr8uDFDGcvovMhcNhQC0jnP5rw/FmpKWeckf5Ut2Wz1jAVNVJpJmRvzi0r7WqW6Cl5lEupsKw5LKdVrp0kGCQYM3FiPUIS1gvQgIAgCAIAgCAIAgCAIAgKEoCynWY7yuB9CD9EJaa6mRCCgKA837b9rKzqncYao6mwNmo8We5xJGgHdobFyLk2kQZ8/U6xQe2J62j0sNu+xZ8vucDj6Wsl1SajrS53jfbgHG5HQ2+qohqM9WbsRX7eCe7P5nisteNJLmAAvwxdIh15aL6HxBgbzfmNNdzi8My21Qujnv5/nVEx8Rs5GKw1B+HcHN1jVT/6gduzRpPQiQSJ08xHN98ZYUWs913Xw+h5y3UT5OMzCvNT71kPYYq03CNQgaXxxtpPLY8LedfXKMnFcPsdW2yglKD932N3H5xRZQBaG6tQ8ThJbAJnmTAiBe6x00WWSal8f+ynTznfZieWvJfnBqZd2orMcHgGsxp2LA3eCdJBBO1i4WW50VRwnhP4npy0dc10SfvPQsV8QKHdtbhT4Q0TVqAjTbbSRJcI42nmt09XGGK4du/51PPVEt2JGoe0+LpYFznvPfYp+nCscBqbTMN71wF7uLiByAjeFpVklDMupfGmErOOi6ncdncE3D4anRBk02gOvJ1HxHV18U/NXQWImS2e+bkSLXg7EH0MrorLkBQuG07oCqAIAgCAIAgCAIAgPOfi5iawOHptc4Unay6DAc5pZAdG8B0x+yy6qTjE9L9OjF7n34OQy3HPpEFrjbiP3XjK6cXnJvnFSWGdvk3a5lUHD4kyx7S0uO8OBBDuYjivTo1e7iR5ltG15j1I7I8TVwNY0w4lrHEOpz4XN4EcASIIP6Ly3qrdLqHHOV5en3J1NimstdTD2hpMr1ahpkRrJDv8AEA5wI4eIk3VGuujG3cuU+cirU+HFbs/nf/RzVOiW4rQ6IYJngSR4P3+SlTUq049y2zUKWNvc3sPVaXyDFMSYNp4uqPJuTtE7DqSttU1xFc+b839vIucl8fzhGpUzOq+maWFcW0mBxfWbLXOGp2mlTO7WgENLhcxwFj1N10Tc4/ub+RkuVdDds+ZPoizG43D4jCNBhmIwlNwDj5a9Jkl1KT/1WDZt5uNza+UVbBKXEjFKFmEpcbjk8KG2c7fg3g2eU/Xos9kn+2PQvd8ao7K/iySy99Su5tGkNRcQ0NHEnhK4WmcmvUpTsx4h6Rkfw+ZQHf46o3u6fj7kHw+G81n8eZaLdSN/Qr0cYPfIteofbr5ml2TqtzPN6uLquAp0Rro0nGCWN8LHAHZrfMeTnCd13BqyzP56ff3l9idVKil16/Y0viBWZVxXf4PEvb3jAMRTio1hbSMCoWEDvW6d4kw0EcYm2TcsRfvJpzUlvjx2fkRGAr9058kNJ7vRofLajX6/E1w8zJa0XFpg3BXlamE609sn/RdZc1xLo+/l/ZN4LtHinEFld/g8h1OLSBvLJhwPWTAEQojrrYLGeV+Y9fVmad9PRxXP51JNmeHv24mrVOin4nhu76rm+GgyeDQ4Fx2EDmttN+f/AGSfH8vy+BZGvMXCK69Pd5/Elcn7fPxGLpUPswa2qSJ7yXCGl0xpg+VaadUrZYSIt0ShW57unod0tZ54QBAEAQBAEAQEN2qyYYuhpA8bDqZ6gEFs9Wkj1IPBV2w3xwX6e7wp57dzybG4F1F5aRxMfzmDaOi+b1EHXLDPX3prKNDEUS6HNsRfgAVzXdtZRa00ZKGfOYBrF2iOUtHCTa3X/i26r/Iaw+UY5rf7PcyjOcIXCoagLuIDHPI+bWkcOBVD0N6jjKXxJq02pxhdPeY8RmNOvVOg+AQXu0ua4tAvAcJ2B4fsuqtLKGIy5KbI20ySaOdxGYufNOfDbXG5jYepN16FcNiyuvb89DXVNQjufwKvzYtmnT1BpADnC0SBZgHTiflbcqVH2pcy+n9v6GXxFCzfbzLy8i7Mn0TQpin4dJcHUzJIbABMCTE8evQruuG5Nt85Odt2rm5Ij8bgpM0XnSQJaZLmu4t2Fp2J/PdWcLmZ29DOKzNpG/luGYymzxuLr6xoLdDtXhg/iEQdQ2Jiyi/mKlEtrzGvD6efY6jMu1GMzDC06LoFKm4CtULhNVrQXMLhu3UABBjUZjkJsulKrrzh/P8APmcOlxW+LTx2/OpH4TGDD5hh6VaGNe6KkmIYWHwP6OkAg2uQbgxVp9O6nvk/h9zmtTjHdJ9V09TezTNH/a6jKkBjSC17RDqZIBmeLZ9p5WWW15xJcSX19DRQ4zh7L9ruvP095pYfLO6qEVAGgXbTi1Oo4feAH8Im8Wja8Su9Ve8qMevf7HUpy2rGG/z6mHMHOY4hjy28kDebceAtsq65qSUpLL5XwOouueLJLLwaYxdVxaHvLmtnTP4ZOowAJJJ3N+ErS0rIYxjHTyL4pNNxR3vwn7ipiqji+ajGeBha6YNnvBIgWIbEzd3BadDVty31KNbKSrUe3f7HrC9E8sIAgCAIAgCAIAgOY7bZThX0HVq1UUdAk1eHACRuSbARfbeAFm1NFdkfb+Zp098q3jqjyxjajh4aZcIs4+ERFiJvfqJvwO3ivSRi/al8upsm62lJyxk1a9IkQ8svuA136k+6K2uD9iPzZS9RpovjLIetgXME06k9Nj+y7VsJ8Sjj6lbsos4i2v4MmaAU6DCypqL2gucbOg3DY4RxHP0Srmbi18uhjnuTxLsaGCboZqLRckSZk2BcPYj/ALuPDZlJNv3GzSe03OXboSeFyoV/vttWwB4MAbyPKPks9lqqik+ckyoqnmcpPOTXxOGArMFxIDSHEEhwJmTAkQRHoo3+xmPvLqJQpj7L46khi+4YAG6nkHxOAEQBsJIm8exVdasa9prnpk6ha9RHFkVjt7+xnxLKVTDPqTDRTedRFwbsbabnvC0R1TT12K/bJ+r9xXO2SzCRyWX5hUpv7xlTRVYAWkRDmzLhffgdJFxPECfUjDZ0Zmqm63skspnpeFyfDjA061VmqriGhznncOeCQ1k72Lec35hcWcRxFF09RKM2o9jjsJiC3HsaCbO2N/JJAg8JEQsTlit2Ncrkoc4Se5rDR02KrMpjU8m5uYLiS47mJK8mEZWPC6+plr32TxHqR+Jy8uL3BzfEQWC+0cTtfoFrjdCOISi893/RuV1e5QnlPv7zTiLLuU3Isle+iOh+G9NxzFmh0HS68TYPYXj5s1Nn+5btA3va9DqyWaW2e2r1zzwgCAIAgCAIAgCA4r4uYB1bLoaTDKrHOA4ghzAD/me1ZtVnw8rzO4LOV6HmmB7TM7oUqwLXNEd40S0gbEjcH0Eemy86ftclU25dTVxOKY64cCOe35G6zODyU4Ix+Ik6QZJ4D912oYWWW1wcpYRnxWVRhnmfvWiY3DmgyQDuHQT69N1ZTbXOWFlP+TVZTFr2HlkVUqE0WxtB99Rn9FfL9yRyntpSXcnexeMBpOa7dh/0ulw/1alg16anF9sFVlmIJe82KuF+11XkGBYW80tESOtkVyqjho6qtqVe2XU1m4Ug6AJMxpE8OnLipUnY8o06eUrJYiYMRh3uZ3JJFNjidPhZLiTcmHGwmBBHidtJWqV8IYXVneo8PxPbl08uSGx5wwHctfTaXls1CHP0OZOk658DSSA6AbXg6QtlE5z6xwiq2dLXsp58zrsnzRuLwjMLUeBpEAEgiWm1xwBHOFjtclLb8iiVrjZviaOb5a9rg9gPe0iI4+X8J5jl02tZVwu3Zqt78F+6GoXHE/o/7K4fMhXcCLQQS07tNwQfnx6LJOjwk0/mea04MlMwqsDmaLkjxAc7fwqqNe/K9OvkX1VWamaS7d/JDB0aYD6lUAta11t9VR3laCb+3C621ygovC+L7npyjTBbYcvzO1+EmV0tFTE69VQk0tMRoaIcfUu8J4iAOq9LQ1KMN3dme9uKUO3X3/8AR6KtxmCAIAgCAIAgCAIDFiaDKjHMe3U1wIc08QRBChpNYZKeHlHiHb7sUcE4VGv1U6jtLCY1TBMOHQNNxa3CQF5dtMqnn/iX10ePLC48znqGWlsy+DHHpy6rH40ZdiXpa08ZbZa1poVdFWiJeQ5lYG4idQsLtMi24LW8zPe+FtEthm9mOVFm9i3OqU3htyGm3NZKo7ZrIobcjm8AC9hpzxJA+W0/LgvWxFzyzVp6ozhiXXsb9BrqYbVYNL9nCBGk301BxG0O3CptcJ5qn8P69f5Op113x2ria+pNZe8Fjq9MFsm7Du14MOHvfrK861OElCT+PoeW4tIqM7bhaZLWa8Q8bkeUHaTwHQb/AE0VQ3eiLVa1HZHhfycni/tFd0PcTJ8gsJPTj85W2tQh+1HCkkQuYd2HaGwQ22sfid+IjpwHPTPFbY5xk6y2beSOcawp94xktc4Pe4MZLGOdDnGzZ06b2kj1XEqlYiVzwddhe1Xe0mCoxuplg8CC5p/DU5kc/wByvP1FOY48jhppmXAZVTqVDWpVGj+pvEzsCPXY/Lqstts1XtmviWymp8y6/wAmlmmYd08+KDtoG4A26N58zyVlFO+Kz0K1N4wuhp4NuJxToAcR/SJgc/4StLhCCNMKbHHL4Xm/zk9o+GuW4qgxwcGtpudqcSJcTpDdI4ADSOe5WvR5UcLp5lljr2pJ5a+R3i2mcIAgCAIAgCAIAgCA434oUmuwtPXZoqg6onS7Q8B35kehWTWfsw+jLabvClu+B5DnBeIcN2ETxB4g9WneeRXj1R2TcJHeqUq5Kcej5TJivh25jhQaJAqNIcwH8L27sd6iQPkVnqf+Pdtn0f1X59jA2t2V0Zz2MrmhSewyKlaWtHEA2c6egHvC01w8Sal2jy/9L4nbi4SaZFZU3RUB5fRarXlGrTTxJGXA5w7U6m60uOgkbgkwPb3S/Tp+0viZ7nm2Ul5s6/JzroFppx4oN5gAwY6QLLzbIPxOOTjLlLMiNzgNNRzuJPKYAAAkegC1Vp4wzuujxHkhzUcSb8DNgLG3rstEeDbXpYLsaOLyWhLblgdPpIjh81qldKMNyWSNRVXWlJrr5G3g8gDKb3Oc17rBhAtp3J6Hp06rLPVqX7fiZGklmDyv496/ER5YaVS1oKsUlKJxnJ0FBoqVBUpwzwDXsIfJBgdQAbWvwWSxrbiZfT4W17ymCy2hRd3uLfMkkMvqcZtDRfT/ACVarJSWIrCKY2KLykeg9jX1sW4NoYdlCiN3kankDkPK0+/uu6Y75YiveyfFlY8y5PVabA0ADYCPZeslhYOi5SAgCAIAgCAIAgCAIDmfiPimUstrufQNZpABYHaCNRgP1QdOkwZjgqrmtvKIayj58ynH1SSym8VBeKFQw+DMimQId6C5uQ0XWO3TxsX+yYXSjHY+V6m7gM9oUpNbA+EuLA+HOZqbMtD4Enew1Kpaa6P7ZZ/PiK5zqeYfckKmbYTEOZTY1jS8w06NMEtd5iQDMwI678FUqLHJubfzLI2WXS22SeGarMqqU3ffMJAJ2ENieIm5+asnDH7SbdFZHmvlehGZ/lzqxb3DJN5Gprb2g3IXWnsUc7mY45XDMjs0xVFgovBb/VYzPEhw83rdVeBCUsoI0jmTTd5P+LeR9VcqGnhHoQsgurMVbNmt8jC88zYe259LeqsjT5s6lq1H9i+ZquqYms/W75DYAcmtFgFZJwSwYp2Sm8yeSUy3MqtA/eCR7ghY7aI2cwfJztccSXBs5tSZUHeUrjiziPTmqqJOL2SOc5fQlez2R1X0X1LB7rNbfUJHm2i3Dr6KbHGT4ecdi+dUVjLLquTHDA1Xt1vJAAeTckbuO7ojayjmfXoZ3D14Or+H/bQsxJwryPJ3gdYCAQC2NhYyI5HmF6OkeIehbHpwewU3hwBGxEj0K2HRcgCAIAgCAIAgCAIAgI/PcK6rh3saASRZp2dH4T67LmSysA+eu1eR4ZhL2EUzJDqDjpexw3DQY1D+W2WHEoPjlfU5lBkCys+sHUn1wRAuXEPMEx4o8USZ1TvZXeJt5YgmReLoBo8wMXsdj8tlEbNz6HUmjo8h+IVekAytTFZg2dtUA5Ts75x6rizSxfQ53PsyRzTtTltZo+6cx/8AgggngYsfdZXprv8Ajj5/jOvFm+JpS9/36nNYjGtrPAaCAOZu7rHBWqvw45KpJdjUq0CXgOJDQ6CYvpEQG8zC0RksZ9DpvhM3aNFhdDGwCYE3O9pPH6KucmyvLZJYSi3SXOe1jAJLnGBHTmem6zNtvEepME2zns3zdrqw7qe6bIaSILp3cRwmNuS3woxDD6mi1qSSXY634f5dTr1DUdsNmcJ4mP5ssGp67Cndt6dT1nC4drG2aBZVwgl0OUc520rtLGUGjVUqOBA5NbPiJ4Xge66k1GLbOorLwc98PssfTxLsfXEF2qlh6My+o4mHODRfTuJ2uTyn0q8QgkWxg3we+4NhbTaDuGifWLrQiDMgCAIAgCAIAgCAIAgCA87+JWU0qrwXMElo8QF9yL89uKw6mTjI9HSVxsi0zyXMezI8rQDygCRef8Q943UQ1B1boH1XJz78ke2YMjlx+eyt3pmKemkjX+wOZu07fwo5ZKnVNdjXDXBxDmEgh3AwSRAMmNiZlWrCRG1ovwJcHDUNtri49R/Lqu2KxwcSRfjsQ9zyTb81zXFYOUX4XFVB5QJ57o4xZDwbOVVG18UxtaHtGqQSC0k2sNrc/wDZcX5qqbr4ZfS0pZaLO0+SijVHdAlrvwjxR7KdJqXbH2upbao/8TL2bx2Kw5mnTcRyNrc7pdVCbznkodUpdjtW9qsW9sBuk8zf6LN4WO5ZDSzZq0cBicRUL3OcC6xe4kS3kAOFtgjlCPU30/p77nrHw57O0KDTV06qlmio4XaLyGjZonktmme7MinVx2NRR261GMIAgCAIAgCAICkoBKgCUBSUBAdssIH0NXFp36Hf84WbVRzDJs0U9tmPM8qx9Eg3Xm9D34tNEZVpTvf1ufff810pYOnBM1n4Np3b7H9wV0rn5lctJB9jWdlg/u9gf1H0XXjlb0MQMpHT2j9Cp8dHD/T0ZW5UP6WkcjqP/wAKf8iJw/031+hno5aGiO5pH/y/nwKf5UfIj/xfr9DZZgyPLRoN9KLHf+4K5erXkdL9LXmX08C4cKbTzp4ehTPu0SuHrGXL9Nh3yZGZde5c7qXSfkYkKt6qRdHQ1rsblDBtFw0TziT7mSFTK2Ui6NUI9ESeCpSeZ/m6iCcmcWNRR6hkeE7qi0Hc3Pz4ey96iGyCR8vqbN9jZIK4oCAIAgCAIAgLSoAQgogEoCkoDTzmnrw9Qf2k+1/0VdqzBltEsWJnk+YMN15DPpIETU9PZQ8F8coxz6+37LjBbuKgj+WRpk7kZWALhpnWUZmtXDJyZGhQMlZHRRhjKGoc0wycoq0pgjJtU4XSwVSyS+S0dVRo6rRSm5JGPUy2xbPTmiBHJe8j5gqgCAIAgCAICigFEBRCCigFEAlAW1G6gRzBHuIR8rBKeHk8qzalBIXjzXJ9HTLKyc/VbBVTN0eSxcnZUBQyUZGhcskytaOS5ySXwOSjLGCrQOSjIKkqAUKkGegVKOZHV9kqOqs3pf2ut+kjmaPJ188Vs79eweAEAQBAEAQBAEBaVAKKCC0oC0lAJQCUB5t2op6a1Qf3H2JkLyr1ibPe0jzBHKVjdZ2j0oPBYuC0uaFDYMrQuGdF4UElZUAqEAJQAlAZsOLqUcS6HfdiqPiLuQ+q9XQx5yeD+oy4SOuXpHkhAEAQBAEAQBAEBaQoBYQoILSgLSgKSgOF7bU4rE8wD+UfovN1SxM9nQPMDhcQLrKetENVci1GRq4Z0XAqCS+VAKgoCoUEgoQAgNzBsuuorkqsZ6R2QpxSceo+n+69rRrEWfOa+WZon1sMIQBAEAQBAEAQBAEBQhRgFjmqAYnKAWEoDju3LPE082x7E/usGrXKZ6v6c+GvU4DEC6xnsxLaZVUi9GQLg6wAhBWUBcHIC4FQC4FQSZGhCDdwm67j1KLOh6Z2Ypxhx1JP6fovd0qxWj5rWPNrJZaDKEAQBAEAQBAEAQBAEAQFjmKMA16jYXIOZ7Z4fVRDxuw/k7/cD3WTVRzHJu0E8WbfM82xW6889+Jrhy5aL0zK1yraLC4FQBKEF0qA0VBQgyMXLJRkaUDJDANkgK2CyzNa8I9Xy6iadJjTuBf13K+grjtikfK2y3TbNldlYQBAEAQBAEAQBAEAQBAEBa5sqMAgu0eXvqUXtaJJFvUGR9FRdByi0XUTULFJnjWcZtRov0VXaTMGfwnk7iPb2XnRqlLhH0DvhBJt8GNtVrgHNcCDsQQQfQiy4lFrhmmE4yWUzI1yqcS5MvD1zg6yXgqGSXtUEl4UEYKyoJMjChydL2Tw5fXYIm8n0G8rXpY7po83Xz21tnpy9s+aCkBAEAQBAEAQBAEAQBAEAQBAUIUMEJnnZbB4wffUWuP9UDV7rlxRKk0cDmHwyfhi52E8bDc0tnA8CJseX/AWa+lzXHU36LVqqXtdH1+5zOLwL6RipTcw/wBzS36rzpKUf3Jo+grsrs/a0zE1nr7lV5LcFmHxlJ9R1JtSajd2cRG+4vHRdSrmo7muCuN9cpuClyjeFPqVTkuKlsc/cqNw4OhwHYqvWa17qncNN4DQXkcNx4efPbZelp9LmO6z5Hh639SalspfTq/sSuF+GuFY4u+0Ykk7y9rhblqaSPkYWqdFcljGPcYK9bdBt5znzyzsMnyqlhmaaYN93uu5x6n9BZdVVRrWIoquvndLdNkkFcigqugEAQBAEAQBAEAQBAEAQBAEAUAogEKAWvaCIIkcjdAR9bIsI+7sLRJ5mmyfeFxKuEuqRbG6yPSTXxZTF5FhK0Gph6bi3yu0gObaPC4Xba1iunFNYZzGcovcnyYGdl8EDP2ds9S4/Uqn/Gq/+UXvWXtY3s2qGTYVhluGpA8wxs+8LuNUI9EvkVyvsl1k38Tc0Dku8FRUUxyTCGS8BSQVXQCAIAgCAIAgCAIAgCAIAgCAIAgCgFCgCgBAEAQBAEAUgqgCkBAEAQBAEAQBAEAQBAEAQBAEAQBAUUAIAgCgBAFIKoAgCkBAEAQBAEAQBAEAQBAEAQBAEAQBAEAQBAFACAIAgCAKQEAQBAEAQBAEAQBAEAQBAEAQBAEAQBAEAQBAEAQBAEAQBAEAQBAEAQBAEAQBAEAQBAEAQBAEAQBAEAQBAEAQBAEAQBAEAQBAEAQBAEAQBAEAQBAEAQBAEAQBAEAQBAEAQBAEAQBAEAQBAEAQBAf/2Q=="
Kalanchoe ,Kalanchoe ,D ,L-M ,H ,50-60,1-2,50-70,15-25,1,0,0,1,1,0,0,0,Other,http://assets.eflorist.com/assets/products/PHR_/TPL06-1A.jpg
Moses in the Cradle ,Rhoeo spathacea ,I ,M ,M ,50-55,3-7,15-30,30-60,1,0,0,1,1,0,0,0,Other,https://i5.walmartimages.com/asr/fe08b95e-49b6-437f-86ae-2a74c04760f1_1.10ac840cd5fd5015c7551e20ba3d1f4e.jpeg?odnHeight=450&odnWidth=450&odnBg=FFFFFF
Nerve Plant ,Fittonia verschaffeltii ,M ,H ,M ,62-65,1-2,10-15,30-45,0,0,0,1,1,0,0,0,Other,https://smhttp-ssl-52271.nexcesscdn.net/media/catalog/product/f/i/fittonia_albivenis_mini_white_nerve_plant_josh_s_frogs_2.jpg
Norfolk Island Pine ,Araucaria heterophylla ,I ,M ,M-H,50-55,50-150,50-65,200-300,1,0,0,1,1,0,0,0,Other,"data:image/jpeg;base64,/9j/4AAQSkZJRgABAQAAAQABAAD/2wCEAAkGBxISEhUSEhMWFRUXGBcRGRgYFhcVFRcTFRoYGBgYFxgYHCgiGhslGxgVLTIjJSkrLi4uGh83ODMsOik5Li0BCgoKDg0OGhAQGy0lICUtLS0tLS0vKy0tLS0tLS0tLS0tLS0tLS0tLS0tLS0tLS0tLS0tLS0tLS0tLS0tLS0tLf/AABEIAOEA4QMBIgACEQEDEQH/xAAcAAEAAgIDAQAAAAAAAAAAAAAABQYEBwECAwj/xABAEAACAgECBAUDAQUGBAUFAAABAgARAxIhBAUxQQYTIlFhMnGBkQcjQlKhFGJyscHwM0OC0SSSsuHiFlNjc6L/xAAYAQEBAQEBAAAAAAAAAAAAAAAAAQIDBP/EACARAQEAAgIDAQEBAQAAAAAAAAABAhESIQMxQVETIpH/2gAMAwEAAhEDEQA/AN4xEQEREBERAREQEREBERARE4JgcxOFYH/P8GcwEREBERAREQEREBERAREQEREBERAREQEREBETH458i42OJA716VLaQT8nsIHvqF136/7/AKSp818Z4cOVUJtg1NoOtQhNMf8AENjVdquR3HY+aG2yNiQdlJ17V2FEnuD8Xe0pvk+WGJoOfUaNrpP46hgvev035Z52OeWdjZXI/Ei5NnIH/GyMxPpCqxNBuhoFfxUsiZAehvYH8Hof85on+16NtwLogexI1UD9ht0l18O+KteRGZ/T+/bKK2XGKZGJvu7MNvcCMPJsx8m2wM2UKLP6dyauh87TW/NPHjrnz4iB5YL4VoWdxQa+/v8AmW1+bqeGVs2ztswUFijKTbUpulK9RuKvtNNcXwrPxmRLUsX/AIXBTpZbVsANum1dK2qXO9dLnb8bE8I+J2yZvLa9wqja2KoNIslgB7k7kky/ymeHvC/Co+PiRlGUqAooKq6gNIJA3JAB677XJLnviNcSZDjYEhGo9R5p0BFHv/xAftLjuTtcdydpnjOMTEupzQon7BVLMfwFMr2fxOV6gLY62AB0Ym972fCL7F+9ECl8256z5M+JQxoHhwdioIcIXc9v3aMPktMbDyDLk0lsgziiNCP6jiO+rEWNOQT9JoigCKkuf4ly/F/4TxbiZgoJctQRQtM3u7EmlHsL6b73tZcb2Af+x/ymmc3IWUEplD0dLLkGhttjRP8AEDXpO+82J4F4TPiwFc6Ku9oRWooRfqA7j53kwytuqmOVt1VkiInV0IiICIiAiIgIiICIiAiIgIiICIiBwyg9RcofjDw3xfEZguMk4gLLNkvc9aUkUa7CvvL7EzljMpqpZuaaK5tyl8DC8b6A1C1pd/pLZBtqJo6aF/mR3B2wtSuPSpZtTNTlaNAe5Oj09CR27bq8SDIUZFKsGB9BSyb2+s2q/wDUKmo+dcG3DOMh0LrUh/LZMmkkFSdKD0DcbXvZFmzOOWGnG4a9MnlvNXcAaTasXJUkPqdWuqH1O2q+qgKgIob9vBynJxWVwDloAgKWVXugDkUX6fTehmC3te0ieN4ctThzk0ogJBtFVRpCkgAg0p+4HzPbw/zJMJyebel9IcAfUACv03p/ivcN0NUSTJMtXVJl32sPijnWbFk1eZZAJZBSgNVbKdxsR6rI22O8h+YcRlzPkxopKh3BetK9UqyTpU/uRV79pHc85ic7uEU6bR7A1MunEiOga70BxsOm3xLF4Hw4Q6szZlJF/u3ZHNkbtj6Om52W+l1E9ku6kuWcnXDRGpDpDFmpiDud7FMBZ+pUB9zOnMeaqAPLxqxLY/oBx6iNbil1ELeleh236XMDn3Pgt48JYqVzqVIAUrkd8SmlAUHRTWB/ELnl4VxLxDtehSdVagj0Nt/LyUG+KNiu8ty71DfeonuQ8hPEG82tiO6gBKNm9TkNqtybCsOtHsL5ynli8OpRCxUnVTG6J60auvuTO3LOEONaLs59zYAHYBT9MzJ2xxkdZjIRETTRERAREQEREBERAREQEREBERAREQPLishVGYFQQCfUaX8nsJr7nnikr6NVA3tjypm0n+F8bq2xDhTpYDpQ2MvPN+GOTEyqqliKGv6QT3PuPjvKF/8ARToSzMAluxYk+YQqsNRHQC+gu/Vv8c/Jy+MZ8viMbxWXIOWmyMPJIZQ2JQ3/ADOhoggWvya6Tpk5l5tY9TasiHG6LkcYwqlgVdUUkAAkmm7/ADRj+O5A6lV0MGY0QVJrYk0LHqI307sBVgSNxcTmw7aSVOpyABqCZAVa1u1VgQaNXS0fblLZ7c936wvU2XyU1E2FUAG2DEBa1AE9RVjeYTZN2Uj6TVEEEn4v2+amTx3GEDC+M6PLUXeVjkci1d7u0BFAKpFAbdpgJhIyur0aS93DAEqrbFTWwvbejt1FjNwjHGM/h85AKlqu7tb3CmjfsbYfm9+0jy/mJxLtk305F0mrUEYlXRf1MWo79Fxgd6njxXDIuNC2MI5DHdz6woDnZaobmqNja7uQmBxasR6bo7ahuRe217f6ROidJXGSTpO5Aqvb2ozZf7MsLEs4alXbSaLE9xXRRfSgPk7zWfLdWTMAKttI9CFuu2yLVn9O+83j4L4NcXDKAgQncjSysD7Nq3J+ZfHj/rbXjx/1tPRFzGbj8Q0+tfVdEEEEL1Njatp6noZMSKPiHh61a9v09NXrN9EqyCeoFixvOMHiHC4JBPUAAjS1H6WIO6huwNFuwMm4m4lonTDmVxakEfBud5VIiICIiAiIgIiICIiAiIgInF9pwHBqiN9hv1P+wYGPzPi/Kxs++w9ro+536D/Sa14X9oOTzv3mjTuLJIUE1ufj0/i7+9r8f8yVOHbGQxLe2paH8wYKRt8zSOJPV2U0du1G732sf195w8merqVy8mWr03Rm5hjyg6CuKwAzAa305rNA36dRUrtZ1GhRmsOe82wlyuPUTurgMEUkUqoRQZwAoBBJs2QRcw+D43JiDoBs2NkYMa016rW+hV6b5o9JYeA5+jquyjJqdWJ9WhSQy5ADsAXyMG9tr2EzcuTNy5KtkoEmioIIK1Xb6fVfxff9ZFYFCGtj2oj2Jvbv0/rNn875dwmbh/7TirVkJxAF2YDJiLBgpB+rI3l7kG7+Zrbil05GSwa2BHQ17e/b9JzyxsZuNjMzP5irw2FSW121BVXQmvq1Am/MFk19A9xXTPwNPpC16BVE+ogFtQsnbT32FjoJ14PNR21gMRqVGI1gadtNEfzEXYB7bbyHG8PlGJc7JSHSoa1PqQaSBVEGge35J3luXSbdvDWEjJrP8A1s2soVUbAiiCW7D3v8zai89TCmNUU4sSq2d9TfvCBrIVj/ADtoax13X7TVPK+LVXvvancGmIYNRK70aP8AQyycp5Dk4lvMzsNTdEIazXTIAwCOD6v4upPSXxZ/9bwyd+I8YZsupPrbNQyaWONVB2ONGvpWgaul3/Mb834fjeIcakKaicTKun6VIPlBLFIErSl7gMbNky8co8NaVAGtCgrS6Y3xMCbK9L0k70T6T0PvLYvDuDTXlhG2FodLAKbUBlALAEbatxtOvC33W+Nvtqzg+T58zMA2qnvIGYqTZBtrB0Fq/j6MtHtJg+DcragjNrBs+YGDAk3e1h7FXXtYubOTEoq/UV21GtXTuQOpE9pf5T6fzir+EBx2NmwcWlqAGTIpUr7adqP9JaIidJNTTcmiIiVSIiAiIgIiICIiAmLzTjFw4nys2kKNVkav6Ai/tcyprfxX4syDN5OIFtiCFYoftuK6dzYrpM5ZajOWWoheL8VcS7HTqUDIcqWXDKwFmhbbVdodWxPQE35HxTnSwyaRqOYBSPRlJZyyX/AStlenXqDIfNiyO1u9FVLalH/LHTZaO506dtwy79J68PyXKxYBwtL5zaivlpjBU2SCRdk7Db0nejOG8q4y0y5xnyg5szW5FqwIYPk3FBttJ7EAfUt1I7HwjNkRAVIcGgG77khtrUKBZ+098nLsyJjZ1XQ60oYAOyj16V0amAOs+xI6VtI5uLbEUYMynGwcYzbVbEHQSf5Qv6dRVzNwn04/rN5tyl8QFnU5BcoLLhfdtttW9Dc+8j1xMBrUV0b6TdgWdPUUCGBuhQG3abMPNlyYDjU6MRGojGD5+Tdd3yM1hTqHUBiAdx3qvMuTaKfD67GoYQjMzKPqbUTquv5b3oajL/OfC4fiAbmGfCiqCyr5n9pQ7+rIo0at9+nxvS+wkbxnEF21lgWYb1sRRKhdz7AfihLEvB4nxZG0Fn8oMCrKmllLKVKAMSdY3BIO3YSttiIH9dqIN0eu3Yr79e0l3CblW/wFyVeIzVrKFPWX03o3AVfUCrFje3TY9eksXj7Bw+DEVUYC+XG2RmZf3hYUwZWC7MdY67GhfTfXnB8zbCQ3pq9VD0m/pJsb6gBsTfW56ZOcZshZmcgsqqe4KhVFG+gpBXzQllkxJlJGRycLqV3pbYKvpDDcqTeMbsNJ20i7Ilrw8+ZDfDYXo6vK1AhTjQCwmq9bswJYXQC1vZErvI8+MbsNbGz6goZXUgroY2WoAkglVPSzJvJ4iVkCgaiyC1Go62LLu99MioD6xZNjc1cmNkJYsnAeN3wKP7Qj7kKSSHBagzNrU/yEHSqgDbczrxvjxn9OOyVDZWAVj6iaTHt1VLt2JAJAAsEyL5P4b/tI1Zs7gW1BQdKsxNly4AyX8NfuNzL3y3wrixgAqmpd0y41GN1beyBRq73FlTv6QDU7TlXScqpWPxFxRQEYnPqsP6dGMH/maSaLl7HmOaXfqbvM5b41yptkx5CEAs7E2TXTYbkH1sW37C5dsPIcKsHCjVRDbAB9XUlVAFnvQ373tXmvhnhwwYJ0BQg+pWxn+BlOxGw367Dc73eOX6vHL9YHKvGmHLQdfLYk2NSsFA23rf8AUCWdWBFjcHeVrj/B+JwSpprtDW6g7lSR9QvcE7g3uQSJL8l4N8OPRkcOQTRCBNvkDa5ceW9VZy+s+IibaIiICIiAiIgIiIFZ8R+JlwHSHVDYHqu7+NIevys1Rm4oscmRcJNtqYkhkAe2Uqwoq1CgDdg3ttNh8X4QyZ8+R8oUJr041U7DEB6nNHfI5IFnpR+JM8F4YTGcZIV/LBdQRsc56udu1ADY0FSq078rjcr253G5VqnJiz6whwsjIqsBaasa47JJGk9CTWwvdSGNkcf+IAx5Tg3LBAlgjK7eulTdgAoDDsh0kbNU2zg8NIuPy2IfW3nZyQVObJesA19Kazdb7Cjdm4PxF4d4pz5isigAqmNdxjU0TpfSu7kHVdDfc+ne8DgpOHmL4n8zyHA0aVOzsMauMmEEqTWxQH+6Mf8ANMbmHH4s3meZZZm1AkEaQR9NFaBBAF7/AJoVn8RyTisNOdJ9QGsgpTEnZNTWwWzRC7amAv03EngDjF5sba23BcNpKmmBXoQTpcb9b26EzlnyYy5ITNkZGNNR6WNXt+NpMci5np9DO6iwoVWKAgg3qKst+oY+/czy5lwKWTg3xBtAs6nYbnV2HXSKB7/pgqhFfrRGlhX+U4XLjXP1Xt4i4PH5t4MoIyWxUMWrc7XXpNg7bnuSb3iOJzh/UWHVhSrpHvZ/JO3b8ySwgJuygmgV6gghgR99gw9t5H5rWtIB63Vde1A9DVX7zUz5LvZw+DVsR7C96F7Dcf76faXDJyrEcDZGtGcqqLjBYWh8s3rBZS1ChqA6jtKbxTldJ1AMOhFghgdqI7/MkT4gzPjRMe2mspagreb1OmtgoIAUVelO1maxm41044ZS6jSCTRsgEgKbI6XuaPxQ/MycAAotvf8AeF7bAkjsB27yLwFt1qmvywCdNWVWyTsoFVdjrJPFwr2QQe1VTenJenTRok2K37zFxYsWPg/EuZAafIdgo1OWAWwSu4o3sK+e8leH8Y8UW2bEAFWzq2UC/SCw3y0G+CQfYCVrhuSZMmIZMCuzaihpW03RNa9gTXt77yz8v8NDOFfLgbFTKHokMgbGQGs3aFyrH2rfa63hc/TWPJeeR+IceXCMmQ+WOmrIVRWI2IFkE0eppftJwG9xNQ4vDHE4c2LympmUAOVHpfyTkKk1YsrQYfPtRz+SeK8iMpykAn0+tcrnVS2dT5KHUbLQ36TvM/11mf62hEwuVcxx501Iwbpddj9pmzq6EREBERAREQEREBERAREQOuRwotiAPc7CYuXmWJSQWFjtY/r7D5O3zMPxDweTKhVf+mtmDe4avR/iuVJvBmUgh3y5RRFHJpUH+6NPuepHW2Nhf3ktqXaw8y8ScMt2QMinSCUJbfup0mjv0IvY7Gav5rzbWzU/mEMza6LE9NwWs0AOlL0HsKtPGeA8iYWGMash2pWamsj6mYgADsK7WTK/xnhl+HNecocLZ9Qrf6huAarV2I6i55/JzrlnyqFz8MyAiqJJU2LFjqpBPWwv6CYr7ekCz/7/AHO/WSWQt3AJ39J9NmwKonYe9/mpiY2xebl1EqqYQ4FqzFjpHvvvR9O/2nkmNycJLUcgAYA7a7ot0o7E/H8J/JmBnyetBWxFtW5o3ufkCuveOJyvrYdtZaioPe6I39NAek7bfM7YsK7g2pHuNzVXZ69P9Z01qNekh4f5QeJLgUCoIJu9NmiVAPweprcXUwOJ4Q4s2jIRTOLIawU1erdS3Wx3NUevaX5RlOFiw1jYraOyf1Q9BV/cTx5lbMNXrPppjqZ76m/sS03j5ZprlNJTwlw2Itky5u76Rt9RJCAKRZ3YmyOgXv0m1T4cTOBtSMfNZzQyO9aDddioDA2aIU9ZRPA3hc5qyWgKHYMNZPtqQ7Im7VuSx3oibX4JRjpWTyydtmLYr9l/l/IHxc9Hjm527YzpTOTck4jFmBQsinzC2MOyoWsOpC/TelwNJH8PWhcv+K6F9a3+/wCgnapyJ0k01Jp48Vw4cV0NqwPyhDL+LHT7ys848GY8hDJsRSmu60y9zVgMD919zLZEWS+yyVTfDfKuL4XKFY68Zu7LbWRv7WPt+l7XKIkxx11CTRERNKREQEREBERAREQEREBERAi+fc0GBKDDzG+kEMxPudKAt/QzU3H8TnzayzMfqGohGZlQgUoK6mPqXpuBdipcPF75Hz+QHAGTqAFDaB7kLZv5Nek7SZ5H4ZTE2sqAV1Ko7UUVWJvuSp3nny5Z5anqOV3ldNecx8LurMru2vGPOYYwuhcQVSrBjspBu77Ia6yrc85XmxPqzams6S2jQNbW3QgGzTHcC+vebE8a/tE4LgdWNP3+XYeWpG7IKByN/Cgobbk+1bnSfN/GPF8ZmZ82TqdSoorGjAaQVBJ3oDc2dhLfD10XxzWkvxDeliO/p6XuKIqiBtQ9xXbpUO3GEmjZNNZJsncH+tGdcHGk2Td7f02r5PeY3HZtLEV967/7ExjhZ1WZhVjx8WFIIbq2n8FgbP4Yf19pMY+MUn6aBJIF79AabpZqUXhsvpu6H9ek935hkU2NVWtb7GxvU55eDbN8e29/Auk41/s4JyY7c2T5L6yTX/4n9iL6G7l84TilyqdiCPSyMKZW7qw/2CKIsT5e5bz7OiaFbTZDBtj9LXTA2pHvYOxmwOSftayYnU8dgV7FDJgYK4TYDXjYhWF2bsVvtO/j3JquuF61W6okF4d8YcDxw/8ADcQjt1KE6cg+6NRr5G0nZ3dCIiAiIgIiICIiAiIgIiICIiAiIgIiIERxuPheFOXjc7Klganc7KoAFL966dSZpT9oH7Y8vEasHAasOE2pynbM4/u//bX/APrp9PSbH/bRyhuJ5a+gEnC68QQO6qGViR3pWJ/6Z80ZOEIO/T3H/aXHGIx8eMk0P+0k+B5SerA2PYgH/wBJv8GdS6YyoUs3vQA37V7bzOyczHqUNVWARv6uh+4+ft95jO5X0mW/jyfEuPcsb+469e0wuI9RBFChPHieI1bX1As/O3/y/WMGNiFIBPuPtJMdd0xxrL4bGR7n5FX/AJzJ8p9OpaIG5tQCoHuDIw5dJN9R1+bNkGvxO3D8bkQgoxFdPtv7/eS42pcbWbh5ktG1362Nj9qO0yM3HohFNfQ6gob/AMyMKv4sfftIzjnRiGUaSw9SUQqsOpX+6fbtuOlTrwnCtkbQu/cnsB7manjxvazGPXhw+bKCgCt9VraAV/Ft9P4n134ex5l4bCvENrzBF1tVW1d67+/zc+fPAvJQ3FYMCgkHIrOassE9TE+woH9Z9JzdaIiJAiIgIiICIiAiIgIiICIiAiIgIiIHTLjDKVYWCCpHuDsRPl7xf4Xz8BmfHkxsMephiydUfHfppumrTVjqP6z6klZ/aRyv+08t4lALZU85ffVi9YA+9EfmWUfL2XEDOHw41QMtl/pYVt91+J63OrCWzYwXKkkUF6dbux1H5/0E7g0ppiABq2O53Ao/gn9J2yYh9jPNBp+b2qu0zYrzNad6v3957MQQoI3UUWsknrsADVbzyxMAfgH7+npX5EzOF4LUTR9PTVtse4H4geXD8McrAL9INE9wPc/+0svCcOuNdK9OpJ6k+5nlwmJUFDYf5n3PzPYsTQAs9APc9pUb1/ZdyTHh4RM+n97mXUzHroJOlR7LVH5P4lzmLyvgxhw4sQ6Y0TH/AORQP9JlSBERAREQEREBERAREQEREBERAREQEREBOGUHY99pzED5d/aByhOE4/NhTZAQyj2VhYErVzZ37feB0cZhzAf8XEQT7tjNf5Ms1cTNwdmM82Wc3EDxoX/veS/BfSPYdu0i63krh2USUZWuTfgfhPO4/hsfbzFc/wCHH6zf4Uyul5sT9ifLHfjGz6SceNGXWenmNQAHua1faSjeUREgREQEREBERAREQEREBERAREQE4ucxAROLnMBERAqH7SPBQ5pgRVyeXlxEtjYi1OoUysOtGhuOld+k+dvEXhziuByeXxWIoT9LfVjf/A42P26+4E+uJj8fwOLPjbFmxrkRhRVgGU/gyyj46nIM2/41/Y0y6svLiWXqeHdvUP8A9WRuv2b9e01HxPDPidseRGR12ZHUqwPyDuJrY816yTXoJGqN5b/CHhfNzDKMWIUopsmQg6UT792PYd/sDJRleBfB+XmGWha4VI8zJ2H91fdyP06n5+huT8qw8LiXDgQIi9APfuSe5nXkfKMXCYE4fCtIgr5JPVmPck95nzIREQEREBERAREQEREBERAREQEREBERAREQEREBERASD8T+E+E5gmnicQZgKVx6cif4XG9fHQyciBpV/wBhj+YdPGL5d7E4icgX7BgCfnb7Tanhnw/h4HAuDADpG5Zjbu56sx9z8bDoKktEBERAREQEREBERAREQEREBERAREQEREBERAREQEREBERAREQEREBERAREQEREBERAREQEREBERA//2Q=="
Pathos,Epipremnum aurea ,M ,M ,L-M-H ,60-65,5-10,800-1200,10-15,1,0,0,0,1,0,0,0,Other,https://cdn.shopify.com/s/files/1/1706/1307/products/Epipremnum-aureum-Golden-Pothos-40cm.jpg?v=1552147263
Peacock Plant ,Calathea makoyana ,I ,M-H ,M ,60-65,20-25,40-60,20-25,0,0,0,0,1,0,0,0,Other,https://images-na.ssl-images-amazon.com/images/I/51ezcFL2nLL._SX425_.jpg
Peperomia ,Peperomia ,M ,M ,M ,60-65,6-10,30-45,5-15,1,0,0,0,1,0,0,0,Other,https://i5.walmartimages.com/asr/14186a55-cea6-40cf-ae08-fc08948d03f7_1.0bdcbf692f3676aaf2c4fd3466319753.jpeg?odnHeight=450&odnWidth=450&odnBg=FFFFFF
Philodendron ,Philodendron ,M ,M ,M ,50-55,2-3,10-15,10-15,1,0,1,0,1,0,0,0,Other,https://cdn.shopify.com/s/files/1/1706/1307/products/Philodendron-xanadu-19x55cm.jpg?v=1555854956
Prayer Plant ,Maranta leuconeura ,M,M-H ,M,62-65,1-3,15-25,5-15,0,0,1,0,1,0,0,0,Other,https://cdn.shopify.com/s/files/1/0662/5489/products/Ctenanthe_burle-marxii_-_pistils_nursery.jpg?v=1518558553
Schefflera ,Brassaia ,D ,M ,M ,55-65,40-50,25-35,60-90,1,0,1,0,1,0,0,0,Other,https://cdn.shopify.com/s/files/1/0013/3529/6118/products/Pottery-Pots-Dice-S-horizontal-ridged-Grey_Schefflera-Amate-10.jpg?v=1564001901
Snake Plant or Mother,Tongue ,I-M,M ,M,62-65,5-10,70-100,5-10,1,0,1,0,1,0,0,0,Other,https://cdn10.bigcommerce.com/s-2drwt2az/products/13108/images/44190/apislgwtd__60403.1493248666.500.659.jpg?c=2
Peace Lily ,Spathiphyllum ,M ,M-H ,M ,60-65,3-5,40-65,10-25,1,0,1,0,1,0,0,0,Other,https://www.avasflowers.net/img/prod_img/avasflowers-peace-lily-plant-deluxe-medium-10221.jpg
Spider Plant ,Chlorophytum comosum ,I ,M ,M ,50-55,20-25,40-60,10-25,0,0,1,0,1,0,0,0,Other,https://www.plantsguru.com/image/cache/catalog/Chlorophytum/pg-chlorophytum1-800x800.jpg
Strawberry Geranium ,Saxifraga stolonifera ,I ,M ,H ,50-55,1-3,20-30,30-40,1,0,0,0,1,0,0,0,Other,https://img1.southernliving.timeinc.net/sites/default/files/styles/4_3_horizontal_-_1200x900/public/1493057295/GettyImages-652653378.jpg?itok=FjNBzPfa
Velvet Plant ,Gynura aurantiaca ,I ,M ,M-H,62-65,2-3,20-35,10-15,0,0,0,0,1,0,0,0,Other,https://www.orchidee-diffusion.com/medias/images/mini-gynura-aurantiaca-a-vendre.jpg
Wandering Jew ,"Tradescantia, Zebrina ",I ,M ,M-H ,50-60,2-3,5-10,10-15,1,0,0,0,1,0,0,0,Other,https://cdn.shopify.com/s/files/1/1706/1307/products/Tradescantia-zebrina-Wandering-Jew-Small.jpg?v=1550238277
Zebra Plant ,Aphelandra squarrosa ,M,H ,H ,55-60,0.5-0.75,30-40,15-25,0,0,0,0,1,0,0,0,Other,https://images.homedepot-static.com/productImages/69f018f4-7753-481a-aca4-5df9ffde2dfe/svn/nearly-natural-artificial-plants-6542-64_1000.jpg
